Index,Feature,Importance_Mean
13,V14,0.000523
11,V12,0.000068
3,V4,0.000056
6,V7,0.000047
10,V11,0.000035
2,V3,0.000021
0,V1,0.000019
26,V27,0.000004
4,V5,0.000002
29,Is_Night,0.000000
